{
  "zz": {
    "en": "",
    "fa": "",
    "cities": {
      "CUSTOM": {
        "en": "None",
        "fa": "هیچ کدام",
        "latitude": 0,
        "longitude": 0,
        "elevation": 0
      }
    }
  },
  "ir": {
    "en": "Iran",
    "fa": "ایران",
    "cities": {
      "AHVAZ": {
        "en": "Ahvaz",
        "fa": "اهواز",
        "latitude": 31.52,
        "longitude": 48.68,
        "elevation": 23.872
      },
      "ALBORZ": {
        "en": "Alborz",
        "fa": "البرز",
        "latitude": 35.82,
        "longitude": 50.97,
        "elevation": 1313.733
      },
      "ARAK": {
        "en": "Arak",
        "fa": "اراک",
        "latitude": 34.08,
        "longitude": 49.7,
        "elevation": 1743.402
      },
      "ARDABIL": {
        "en": "Ardabil",
        "fa": "اردبیل",
        "latitude": 38.25,
        "longitude": 48.28,
        "elevation": 1350
      },
      "BANDAR_ABAS": {
        "en": "Bandar Abbas",
        "fa": "بندرعباس",
        "latitude": 27.18,
        "longitude": 56.27,
        "elevation": 9
      },
      "BIRJAND": {
        "en": "Birjand",
        "fa": "بیرجند",
        "latitude": 32.88,
        "longitude": 59.22,
        "elevation": 1476.299
      },
      "BOJNURD": {
        "en": "Bojnurd",
        "fa": "بجنورد",
        "latitude": 37.47,
        "longitude": 57.33,
        "elevation": 1070.864
      },
      "BUSHEHR": {
        "en": "Bushehr",
        "fa": "بوشهر",
        "latitude": 28.96,
        "longitude": 50.84,
        "elevation": 12.883
      },
      "ESFEHAN": {
        "en": "Esfehan",
        "fa": "اصفهان",
        "latitude": 32.65,
        "longitude": 51.67,
        "elevation": 1574.144
      },
      "GHAZVIN": {
        "en": "Ghazvin",
        "fa": "قزوین",
        "latitude": 36.45,
        "longitude": 50,
        "elevation": 1834.857
      },
      "GHOM": {
        "en": "Qom",
        "fa": "قم",
        "latitude": 34.65,
        "longitude": 50.95,
        "elevation": 906
      },
      "GORGAN": {
        "en": "Gorgan",
        "fa": "گرگان",
        "latitude": 36.83,
        "longitude": 54.48,
        "elevation": 120.605
      },
      "HAMEDAN": {
        "en": "Hamedan",
        "fa": "همدان",
        "latitude": 34.77,
        "longitude": 48.58,
        "elevation": 1902.787
      },
      "ILAM": {
        "en": "Ilam",
        "fa": "ایلام",
        "latitude": 33.63,
        "longitude": 46.42,
        "elevation": 1382.518
      },
      "KERMAN": {
        "en": "Kerman",
        "fa": "کرمان",
        "latitude": 30.28,
        "longitude": 57.06,
        "elevation": 1760.289
      },
      "KERMANSHAH": {
        "en": "Kermanshah",
        "fa": "کرمانشاه",
        "latitude": 34.32,
        "longitude": 47.06,
        "elevation": 1368.254
      },
      "KHORAM_ABAD": {
        "en": "Khoram Abad",
        "fa": "خرم‌آباد",
        "latitude": 33.48,
        "longitude": 48.35,
        "elevation": 1179.239
      },
      "MASHHAD": {
        "en": "Mashhad",
        "fa": "مشهد",
        "latitude": 34.3,
        "longitude": 59.57,
        "elevation": 939.205
      },
      "ORUMIYEH": {
        "en": "Orumiyeh",
        "fa": "ارومیه",
        "latitude": 37.33,
        "longitude": 45.05,
        "elevation": 1942.324
      },
      "RASHT": {
        "en": "Rasht",
        "fa": "رشت",
        "latitude": 37.3,
        "longitude": 49.63,
        "elevation": -8.209
      },
      "SANANDAJ": {
        "en": "Sanandaj",
        "fa": "سنندج",
        "latitude": 35.3,
        "longitude": 47.02,
        "elevation": 1439.104
      },
      "SARI": {
        "en": "Sari",
        "fa": "ساری",
        "latitude": 36.55,
        "longitude": 53.1,
        "elevation": 51.106
      },
      "SEMNAN": {
        "en": "Semnan",
        "fa": "سمنان",
        "latitude": 35.57,
        "longitude": 53.38,
        "elevation": 1145.160
      },
      "SHAHREKORD": {
        "en": "Shahr-e-kord",
        "fa": "شهرکرد",
        "latitude": 32.32,
        "longitude": 50.85,
        "elevation": 2047.091
      },
      "SHIRAZ": {
        "en": "Shiraz",
        "fa": "شیراز",
        "latitude": 29.62,
        "longitude": 52.53,
        "elevation": 1549.642
      },
      "TABRIZ": {
        "en": "Tabriz",
        "fa": "تبریز",
        "latitude": 38.08,
        "longitude": 46.3,
        "elevation": 1395.315
      },
      "TEHRAN": {
        "en": "Tehran",
        "fa": "تهران",
        "latitude": 35.68,
        "longitude": 51.42,
        "elevation": 1149.266
      },
      "YASUJ": {
        "en": "Yasuj",
        "fa": "یاسوج",
        "latitude": 30.82,
        "longitude": 51.68,
        "elevation": 2957.312
      },
      "YAZD": {
        "en": "Yazd",
        "fa": "یزد",
        "latitude": 31.9,
        "longitude": 54.37,
        "elevation": 1211.690
      },
      "ZAHEDAN": {
        "en": "Zahedan",
        "fa": "زاهدان",
        "latitude": 29.5,
        "longitude": 60.85,
        "elevation": 1387.511
      },
      "ZANJAN": {
        "en": "Zanjan",
        "fa": "زنجان",
        "latitude": 36.67,
        "longitude": 48.48,
        "elevation": 1649.065
      }
    }
  },
  "af": {
    "en": "Afghanistan",
    "fa": "افغانستان",
    "cities": {
      "BALKH": {
        "en": "Balkh",
        "fa": "بلخ",
        "latitude": 36.7,
        "longitude": 67.11,
        "elevation": 370.751
      },
      "BAMYAN": {
        "en": "Bamyan",
        "fa": "بامیان",
        "latitude": 34.81,
        "longitude": 67.81,
        "elevation": 2531.299
      },
      "GHAZNI": {
        "en": "Ghazni",
        "fa": "غزنی",
        "latitude": 33.55,
        "longitude": 68.41,
        "elevation": 2190.846
      },
      "HELMAND": {
        "en": "Helmand",
        "fa": "هلمند",
        "latitude": 31.58,
        "longitude": 64.36,
        "elevation": 778.969
      },
      "HERAT": {
        "en": "Herat",
        "fa": "هرات",
        "latitude": 34.34,
        "longitude": 62.2,
        "elevation": 922
      },
      "KABUL": {
        "en": "Kabul",
        "fa": "کابل",
        "latitude": 34.53,
        "longitude": 69.16,
        "elevation": 1797.550
      },
      "KANDAHAR": {
        "en": "Kandahar",
        "fa": "قندهار",
        "latitude": 31.61,
        "longitude": 65.71,
        "elevation": 1003.473
      },
      "NANGARHAR": {
        "en": "Nangarhar",
        "fa": "ننگرهار",
        "latitude": 34.43,
        "longitude": 70.44,
        "elevation": 576.629
      }
    }
  }
}